slug,department,Total,White,Black,Hispanic,Native American,Asian,Other,year,checked
rates--totals--all-stops,St Louis City Police Dept,23717,8909,13655,645,32,202,274,2024,1
search--probable-cause--incident-to-arrest,Randolph County Sheriff's Dept,18,11,6,1,0,0,0,2024,1
search--what-searched--driver,Randolph County Sheriff's Dept,10,8,2,0,0,0,0,2024,1
search--what-searched--car-property,Randolph County Sheriff's Dept,33,30,3,0,0,0,0,2024,1
search--contraband-found--drugs,Audrain County Sheriff's Dept,10,9,0,1,0,0,0,2024,1
stops--arrest-violation--dwi-bac,Barry County Sheriff's Dept,1,0,0,1,0,0,0,2024,1
rates--totals--all-stops,Adair County Sheriff's Dept,317,281,25,8,0,2,1,2023,1
rates--totals--resident-stops,Adair County Sheriff's Dept,196,171,20,3,0,2,0,2023,1
rates--totals--searches,Adair County Sheriff's Dept,5,4,1,0,0,0,0,2023,1
rates--totals--contraband,Adair County Sheriff's Dept,1,1,0,0,0,0,0,2023,1
rates--totals--arrests,Adair County Sheriff's Dept,3,2,1,0,0,0,0,2023,1
rates--totals--citations,Adair County Sheriff's Dept,29,22,5,2,0,0,0,2023,1
rates--rates--stop-rate,Adair County Sheriff's Dept,1.49,1.48,3.47,1.5,0,0.47,0.15,2023,1
rates--rates--stop-rate-residents,Adair County Sheriff's Dept,0.92,0.9,2.77,0.56,0,0.47,0,2023,1
rates--rates--search-rate,Adair County Sheriff's Dept,1.58,1.42,4,0,,0,0,2023,1
rates--rates--contraband-hit-rate,Adair County Sheriff's Dept,20,25,0,,,,,2023,1
rates--rates--arrest-rate,Adair County Sheriff's Dept,0.95,0.71,4,0,,0,0,2023,1
rates--rates--citation-rate,Adair County Sheriff's Dept,9.15,7.83,20,25,,0,0,2023,1
stops-resident-stops,Lake Winnebago Police Dept,109,105,1,0,0,0,3,2023,1
rates--totals--all-stops,St Louis City Police Dept,27742,10077,16424,551,50,241,399,2023,1
rates--rates--stop-rate,St Louis City Police Dept,11.18,8.44,16.01,5.92,9.75,2.56,3.15,2023,1
rates--rates--search-rate,Benton County Sheriff's Dept,20.47,20.08,25,33.33,,,,2023,1
rates--rates--stop-rate,Benton County Sheriff's Dept,3.09,3.17,11.85,2.73,0,0,0,2023,1
stops--stop-outcome--warning,St James Police Dept,1540,1402,76,34,6,13,9,2023,1
stops--officer-assignment--general-parol,St Joseph Police Dept,7264,5762,949,449,6,36,62,2023,1
stops--officer-assignment--general-parol,Adair County Sheriff's Dept,256,226,19,8,0,2,1,2023,1
rates--totals--all-stops,St Louis City Police Dept,32586,12161,18841,621,38,309,616,2022,1
rates--totals--all-stops,Ash Grove Police Dept,431,419,7,3,0,1,1,2022,1
search--probable-cause--consent,Audrain County Sheriff's Dept,95,85,9,1,0,0,0,2022,1
search--arrest-charge--resist-arrest,Fair Grove Police Dept,0,0,0,0,0,0,0,2020,0
search--probable-cause--reas-susp-weapon,Fair Grove Police Dept,3,3,0,0,0,0,0,2020,0
search--search-duration--31-minutes,Fair Grove Police Dept,0,0,0,0,0,0,0,2020,0
stops--stop-outcome--warning,Fair Grove Police Dept,432,414,9,7,1,0,1,2020,0
search--arrest-charge--off-against-person,Fair Grove Police Dept,0,0,0,0,0,0,0,2020,0
stops-non-resident-stops,Fair Grove Police Dept,344,319,11,8,3,1,2,2020,0
search--arrest-charge--outstanding-warrant,Fair Grove Police Dept,9,9,0,0,0,0,0,2020,0
disparity-index-by-race--population--2019-population,Fair Grove Police Dept,1057,1037,0,13,0,4,6,2020,0
stops--reason-for-stop--equpiment,Fair Grove Police Dept,89,86,1,1,0,0,1,2020,0
stops--location-of-stop--city-street,Fair Grove Police Dept,286,278,3,4,1,0,0,2020,0
stops--reason-for-stop--moving,Fair Grove Police Dept,310,298,5,6,1,0,0,2020,0
search--probable-cause--consent,Fair Grove Police Dept,21,19,0,1,1,0,0,2020,0
stops--stop-outcome--contraband,Fair Grove Police Dept,19,16,1,1,1,0,0,2020,0
search--contraband-found--drugs-alcohol,Fair Grove Police Dept,18,15,1,1,1,0,0,2020,0
stops--stop-outcome--citation,Fair Grove Police Dept,196,187,2,3,2,1,1,2020,0
search--search-duration--0-15-minutes,Fair Grove Police Dept,37,36,1,0,0,0,0,2020,0
stops--driver-age--17-and-under,Fair Grove Police Dept,23,22,1,0,0,0,0,2020,0
rates--stop-rate-residents--arrest-rate,Lincoln University Police Dept,7.32,4.76,8.47,0,,,,2020,0
stops--location-of-stop--state-hwy,Fair Grove Police Dept,18,16,1,1,0,0,0,2020,0
stops--driver-age--40-and-over,Fair Grove Police Dept,200,198,1,0,1,0,0,2020,0
rates--rates--stop-rate-residents,Ashland Police Dept,15.16,14.83,112.5,12.12,,,0,2020,0
disparity-index-by-race--stops--all-stops,Fair Grove Police Dept,626,599,11,10,3,1,2,2020,0
rates--totals--all-stops,Fair Grove Police Dept,626,599,11,10,3,1,2,2020,0
search--search-duration--16-30-minutes,Fair Grove Police Dept,11,9,0,1,1,0,0,2020,0
stops--stop-outcome--no-action,Fair Grove Police Dept,3,3,0,0,0,0,0,2020,0
stops--stop-outcome--arrests,Fair Grove Police Dept,43,42,0,1,0,0,0,2020,0
search--arrest-charge--dwi-bac,Fair Grove Police Dept,6,5,0,1,0,0,0,2020,0
search--probable-cause--other,Fair Grove Police Dept,1,1,0,0,0,0,0,2020,0
stops-resident-stops,Fair Grove Police Dept,282,280,0,2,0,0,0,2020,0
disparity-index-by-race--disparity-index--all-stops,Ashland Police Dept,,0.894,19.597,1.357,,,0,2020,0
search--contraband-found--weapon,Fair Grove Police Dept,0,0,0,0,0,0,0,2020,0
rates--stop-rate-residents--contraband-hit-rate,Lincoln University Police Dept,40,100,25,,,,,2020,0
rates--rates--search-rate,Ashland Police Dept,5.68,4.34,17.14,5,0,0,,2020,0
search--probable-cause--plain-view-contra,Fair Grove Police Dept,7,6,0,1,0,0,0,2020,0
rates--stop-rate-residents--search-rate,UCM-Dept of Public Safety,11.88,11.5,15.87,0,,7.14,0,2020,0
rates--totals--searches,Fair Grove Police Dept,48,45,1,1,1,0,0,2020,0
search--arrest-charge--other,Fair Grove Police Dept,36,34,0,2,0,0,0,2020,0
rates--rates--contraband-hit-rate,Poplar Bluff Police Dept,40.38,39.86,43.55,0,,,,2020,0
disparity-index-by-race--disparity-index--resident-stops,Osage County Sheriff's Dept,,1.014,0,0,0,0,0,2020,0
rates--stop-rate-residents--citation-rate,Lincoln University Police Dept,4.88,4.76,5.08,0,,,,2020,0
stops--reason-for-stop--investigative,Fair Grove Police Dept,17,16,1,0,0,0,0,2020,0
rates--rates--stop-rate,Ashland Police Dept,44.65,39.9,875,60.61,,,0,2020,0
stops--location-of-stop--us-hwy,Fair Grove Police Dept,312,295,7,5,2,1,2,2020,0
rates--population--2019-population,Fair Grove Police Dept,1057,1037,0,13,0,4,6,2020,0
search--what-searched--driver,Fair Grove Police Dept,16,16,0,0,0,0,0,2020,0
search--what-searched--car-property,Fair Grove Police Dept,4,3,1,0,0,0,0,2020,0
rates--rates--citation-rate,Poplar Bluff Police Dept,41.44,40.41,47.91,25,0,0,0,2020,0
rates--totals--citations,Fair Grove Police Dept,196,187,2,3,2,1,1,2020,0
search--contraband-found--stolen-property,Fair Grove Police Dept,1,0,1,0,0,0,0,2020,0
stops--stop-outcome--searches,Fair Grove Police Dept,48,45,1,1,1,0,0,2020,0
stops--location-of-stop--other,Fair Grove Police Dept,9,9,0,0,0,0,0,2020,0
search--probable-cause--drug-dog-alert,Fair Grove Police Dept,0,0,0,0,0,0,0,2020,0
disparity-index-by-race--population--2019-population-pct,Fair Grove Police Dept,100,98.11,0,1.23,0,0.38,0.57,2020,0
search--arrest-charge--traffic-violation,Fair Grove Police Dept,112,101,5,3,1,1,1,2020,0
rates--rates--arrest-rate,Poplar Bluff Police Dept,2.65,2.05,5.32,8.33,0,0,0,2020,0
stops--driver-age--30-39,Fair Grove Police Dept,145,134,2,4,2,1,2,2020,0
search--contraband-found--other,Fair Grove Police Dept,0,0,0,0,0,0,0,2020,0
stops--location-of-stop--interstate-hwy,Fair Grove Police Dept,0,0,0,0,0,0,0,2020,0
stops--driver-age--18-29,Fair Grove Police Dept,265,257,3,5,0,0,0,2020,0
search--arrest-charge--drug-violation,Fair Grove Police Dept,11,8,1,1,1,0,0,2020,0
search--what-searched--driver-property,Fair Grove Police Dept,29,27,0,1,1,0,0,2020,0
search--probable-cause--inventory,Fair Grove Police Dept,18,16,1,1,0,0,0,2020,0
rates--totals--resident-stops,Fair Grove Police Dept,282,280,0,2,0,0,0,2020,0
disparity-index-by-race--stops--resident-stops,Fair Grove Police Dept,282,280,0,2,0,0,0,2020,0
stops--reason-for-stop--license,Fair Grove Police Dept,270,256,6,4,2,1,1,2020,0
rates--population--2019-population-pct,Fair Grove Police Dept,100,98.11,0,1.23,0,0.38,0.57,2020,0
rates--contraband-hit-rate--citation-rate,Mercer County Sheriff's Dept,48.48,46.43,,75,,0,,2020,0
search--probable-cause--drug-alcohol-odor,Fair Grove Police Dept,7,6,0,1,0,0,0,2020,0
search--probable-cause--incident-to-arrest,Fair Grove Police Dept,21,20,1,0,0,0,0,2020,0
search--arrest-charge--property-offense,Fair Grove Police Dept,1,0,1,0,0,0,0,2020,0
rates--totals--contraband,Fair Grove Police Dept,19,16,1,1,1,0,0,2020,0
stops--location-of-stop--county-road,Fair Grove Police Dept,1,1,0,0,0,0,0,2020,0
stops--driver-gender--male,Fair Grove Police Dept,370,350,8,7,2,1,2,2020,0
rates--totals--arrests,Fair Grove Police Dept,43,42,0,1,0,0,0,2020,0
rates--contraband-hit-rate--arrest-rate,Mercer County Sheriff's Dept,12.12,14.29,,0,,0,,2020,0
stops--driver-gender--female,Fair Grove Police Dept,255,249,2,3,1,0,0,2020,0
search--contraband-found--currency,Fair Grove Police Dept,0,0,0,0,0,0,0,2020,0
stops-all-stops,Fair Grove Police Dept,626,599,11,10,3,1,2,2020,0
search--arrest-charge--resist-arrest,Bates City Police Dept,0,0,0,0,0,0,0,2021,0
search--probable-cause--reas-susp-weapon,Bates City Police Dept,0,0,0,0,0,0,0,2021,0
search--search-duration--31-minutes,Bates City Police Dept,3,2,1,0,0,0,0,2021,0
stops--stop-outcome--warning,Bates City Police Dept,147,140,1,5,0,0,1,2021,0
search--arrest-charge--off-against-person,Bates City Police Dept,0,0,0,0,0,0,0,2021,0
stops-non-resident-stops,Missouri Dept of Conservation Protection Branch,43,37,2,1,0,3,0,2021,0
search--arrest-charge--outstanding-warrant,Bates City Police Dept,2,0,0,2,0,0,0,2021,0
disparity-index-by-race--population--2020-population,Bates City Police Dept,132,130,0,0,0,2,0,2021,0
stops--reason-for-stop--equpiment,Bates City Police Dept,26,22,3,1,0,0,0,2021,0
stops--location-of-stop--city-street,Bates City Police Dept,213,200,5,5,1,1,1,2021,0
stops--reason-for-stop--moving,Bates City Police Dept,174,161,2,9,1,1,0,2021,0
search--probable-cause--consent,Bates City Police Dept,8,4,2,0,1,1,0,2021,0
stops--stop-outcome--contraband,Bates City Police Dept,3,2,0,1,0,0,0,2021,0
search--contraband-found--drugs-alcohol,Bates City Police Dept,3,2,0,1,0,0,0,2021,0
stops--stop-outcome--citation,Bates City Police Dept,86,75,4,5,1,1,0,2021,0
search--search-duration--0-15-minutes,Bates City Police Dept,1,1,0,0,0,0,0,2021,0
stops--driver-age--17-and-under,Bates City Police Dept,9,9,0,0,0,0,0,2021,0
rates--stop-rate-residents--arrest-rate,Missouri Capitol Police,0.65,0.76,0,0,,,0,2021,0
stops--location-of-stop--state-hwy,Bates City Police Dept,24,19,0,5,0,0,0,2021,0
stops--driver-age--40-and-over,Bates City Police Dept,5,2,1,2,0,0,0,2021,0
rates--rates--stop-rate-residents,Pemiscot County Sheriff's Dept,1,0.96,1.2,0.71,0,0,0,2021,0
disparity-index-by-race--stops--all-stops,Bates City Police Dept,237,219,5,10,1,1,1,2021,0
rates--totals--all-stops,Bates City Police Dept,237,219,5,10,1,1,1,2021,0
search--search-duration--16-30-minutes,Bates City Police Dept,8,3,1,2,1,1,0,2021,0
stops--stop-outcome--no-action,Bates City Police Dept,2,2,0,0,0,0,0,2021,0
stops--stop-outcome--arrests,Bates City Police Dept,0,0,0,0,0,0,0,2021,0
search--arrest-charge--dwi-bac,Bates City Police Dept,0,0,0,0,0,0,0,2021,0
search--probable-cause--other,Bates City Police Dept,0,0,0,0,0,0,0,2021,0
stops-resident-stops,Bates City Police Dept,194,194,0,0,0,0,0,2021,0
disparity-index-by-race--disparity-index--all-stops,Pemiscot County Sheriff's Dept,,0.931,1.132,2.489,0,0,0,2021,0
search--contraband-found--weapon,Bates City Police Dept,0,0,0,0,0,0,0,2021,0
rates--stop-rate-residents--contraband-hit-rate,Missouri Capitol Police,0,0,0,,,,,2021,0
rates--rates--search-rate,Pemiscot County Sheriff's Dept,22.22,25,20,0,,,,2021,0
search--probable-cause--plain-view-contra,Bates City Police Dept,0,0,0,0,0,0,0,2021,0
rates--stop-rate-residents--search-rate,St Charles City Parks and Recreation Dept,5.13,3.57,0,25,,0,0,2021,0
rates--totals--searches,Bates City Police Dept,12,6,2,2,1,1,0,2021,0
search--arrest-charge--other,Bates City Police Dept,0,0,0,0,0,0,0,2021,0
rates--rates--contraband-hit-rate,Anderson Police Dept,47.17,47.09,,40,0,50,100,2021,0
disparity-index-by-race--disparity-index--resident-stops,Versailles Police Dept,,1.061,3.014,0.071,,,0.125,2021,0
rates--stop-rate-residents--citation-rate,Missouri Capitol Police,9.94,9.09,18.52,0,,,0,2021,0
stops--reason-for-stop--investigative,Bates City Police Dept,2,1,0,0,0,0,1,2021,0
rates--rates--stop-rate,Pemiscot County Sheriff's Dept,0.14,0.13,0.16,0.36,0,0,0,2021,0
stops--location-of-stop--us-hwy,Bates City Police Dept,0,0,0,0,0,0,0,2021,0
rates--population--2020-population,Bates City Police Dept,132,130,0,0,0,2,0,2021,0
search--what-searched--driver,Bates City Police Dept,0,0,0,0,0,0,0,2021,0
search--what-searched--car-property,Bates City Police Dept,9,5,1,2,0,1,0,2021,0
rates--rates--citation-rate,Anderson Police Dept,29.56,27.9,33.33,44.34,57.14,34.33,84.62,2021,0
rates--totals--citations,Bates City Police Dept,86,75,4,5,1,1,0,2021,0
search--contraband-found--stolen-property,Bates City Police Dept,0,0,0,0,0,0,0,2021,0
stops--stop-outcome--searches,Bates City Police Dept,12,6,2,2,1,1,0,2021,0
stops--location-of-stop--other,Bates City Police Dept,0,0,0,0,0,0,0,2021,0
search--probable-cause--drug-dog-alert,Bates City Police Dept,0,0,0,0,0,0,0,2021,0
disparity-index-by-race--population--2020-population-pct,Bates City Police Dept,100,98.48,0,0,0,1.52,0,2021,0
search--arrest-charge--traffic-violation,Bates City Police Dept,0,0,0,0,0,0,0,2021,0
rates--rates--arrest-rate,Anderson Police Dept,1.7,1.73,0,0,0,2.99,7.69,2021,0
stops--driver-age--30-39,Bates City Police Dept,57,51,2,4,0,0,0,2021,0
search--contraband-found--other,Bates City Police Dept,0,0,0,0,0,0,0,2021,0
stops--location-of-stop--interstate-hwy,Bates City Police Dept,0,0,0,0,0,0,0,2021,0
stops--driver-age--18-29,Bates City Police Dept,90,81,2,4,1,1,1,2021,0
search--arrest-charge--drug-violation,Bates City Police Dept,0,0,0,0,0,0,0,2021,0
search--what-searched--driver-property,Bates City Police Dept,2,1,1,0,0,0,0,2021,0
search--probable-cause--inventory,Bates City Police Dept,1,1,0,0,0,0,0,2021,0
rates--totals--resident-stops,Bates City Police Dept,194,194,0,0,0,0,0,2021,0
disparity-index-by-race--stops--resident-stops,Bates City Police Dept,194,194,0,0,0,0,0,2021,0
stops--reason-for-stop--license,Bates City Police Dept,34,34,0,0,0,0,0,2021,0
rates--population--2020-population-pct,Bates City Police Dept,100,98.48,0,0,0,1.52,0,2021,0
rates--contraband-hit-rate--citation-rate,Warson Woods Police Dept,64.47,65.71,25,,,,100,2021,0
search--probable-cause--drug-alcohol-odor,Bates City Police Dept,3,1,0,2,0,0,0,2021,0
search--probable-cause--incident-to-arrest,Bates City Police Dept,0,0,0,0,0,0,0,2021,0
search--arrest-charge--property-offense,Bates City Police Dept,0,0,0,0,0,0,0,2021,0
rates--totals--contraband,Bates City Police Dept,3,2,0,1,0,0,0,2021,0
stops--location-of-stop--county-road,Bates City Police Dept,0,0,0,0,0,0,0,2021,0
stops--driver-gender--male,Bates City Police Dept,138,123,4,8,1,1,1,2021,0
rates--totals--arrests,Bates City Police Dept,0,0,0,0,0,0,0,2021,0
rates--contraband-hit-rate--arrest-rate,Warson Woods Police Dept,0,0,0,,,,0,2021,0
stops--driver-gender--female,Bates City Police Dept,99,96,1,2,0,0,0,2021,0
search--contraband-found--currency,Bates City Police Dept,0,0,0,0,0,0,0,2021,0
stops-all-stops,Bates City Police Dept,237,219,5,10,1,1,1,2021,0
disparity-index-by-race--disparity-index--resident-stops-acs,Foristell Police Dept,,0.947,,0,,0,0,2022,0
stops--driver-age--65-and-over,Callaway County Sheriff's Dept,84,79,4,0,0,0,1,2022,0
stops--stop-outcome--warning,Callaway County Sheriff's Dept,1832,1575,204,32,1,5,15,2022,0
stops--stop-outcome--citation,Callaway County Sheriff's Dept,175,138,35,2,0,0,0,2022,0
rates--stop-rate-residents--search-rate,Washington University Police Dept,6.25,12.5,0,,,0,0,2022,0
search--arrest-charge--off-against-person,Callaway County Sheriff's Dept,12,10,2,0,0,0,0,2022,0
rates--totals--resident-stops,Callaway County Sheriff's Dept,1260,1138,100,16,0,0,6,2022,0
search--arrest-charge--dwi-bac,Callaway County Sheriff's Dept,18,12,3,3,0,0,0,2022,0
stops-non-resident-stops,Callaway County Sheriff's Dept,828,654,139,19,1,6,9,2022,0
stops--reason-for-stop--equpiment,Callaway County Sheriff's Dept,466,407,49,8,0,1,1,2022,0
search--probable-cause--incident-to-arrest,Callaway County Sheriff's Dept,138,116,19,3,0,0,0,2022,0
stops--driver-gender--female,Callaway County Sheriff's Dept,760,673,70,12,0,1,4,2022,0
rates--totals--citations,Callaway County Sheriff's Dept,175,138,35,2,0,0,0,2022,0
stops--driver-age--17-and-under,Callaway County Sheriff's Dept,81,72,5,4,0,0,0,2022,0
search--probable-cause--drug-dog-alert,Callaway County Sheriff's Dept,14,12,1,1,0,0,0,2022,0
stops--driver-age--40-64,Callaway County Sheriff's Dept,650,580,53,8,0,3,6,2022,0
stops--stop-outcome--no-action,Callaway County Sheriff's Dept,71,62,6,2,0,1,0,2022,0
search--arrest-charge--property-offense,Callaway County Sheriff's Dept,10,7,2,1,0,0,0,2022,0
search--probable-cause--drug-alcohol-odor,Callaway County Sheriff's Dept,63,43,20,0,0,0,0,2022,0
search--search-duration--16-30-minutes,Callaway County Sheriff's Dept,21,14,7,0,0,0,0,2022,0
stops--reason-for-stop--moving,Callaway County Sheriff's Dept,679,574,79,17,1,3,5,2022,0
search--what-searched--driver,Callaway County Sheriff's Dept,96,84,11,1,0,0,0,2022,0
rates--totals--searches,Callaway County Sheriff's Dept,413,348,60,4,0,0,1,2022,0
rates--population--2021-acs-pop,Callaway County Sheriff's Dept,36172,33119,1513,674,229,191,1120,2022,0
stops--location-of-stop--other,Callaway County Sheriff's Dept,9,9,0,0,0,0,0,2022,0
stops--stop-outcome--arrests,Callaway County Sheriff's Dept,258,210,43,5,0,0,0,2022,0
search--arrest-charge--outstanding-warrant,Callaway County Sheriff's Dept,58,51,7,0,0,0,0,2022,0
rates--population--2020-decennial-pop-pct,Callaway County Sheriff's Dept,100,88.44,4.42,1.8,0.34,0.52,4.49,2022,0
disparity-index-by-race--population--2020-decennial-pop,Callaway County Sheriff's Dept,34738,30721,1534,627,117,181,1558,2022,0
stops-all-stops,Callaway County Sheriff's Dept,2088,1792,239,35,1,6,15,2022,0
search--probable-cause--reas-susp-weapon,Callaway County Sheriff's Dept,3,2,1,0,0,0,0,2022,0
rates--rates--contraband-hit-rate,City of Oakland Police Dept,0,0,0,,,,,2022,0
search--contraband-found--weapon,Callaway County Sheriff's Dept,7,6,1,0,0,0,0,2022,0
disparity-index-by-race--stops--all-stops,Callaway County Sheriff's Dept,2088,1792,239,35,1,6,15,2022,0
rates--totals--all-stops,Atchison County Sheriff's Dept,99,93,2,3,0,0,1,2022,0
rates--rates--arrest-rate,City of Oakland Police Dept,0.64,0.46,1.32,0,,0,,2022,0
search--probable-cause--inventory,Callaway County Sheriff's Dept,3,3,0,0,0,0,0,2022,0
search--probable-cause--plain-view-contra,Callaway County Sheriff's Dept,14,11,3,0,0,0,0,2022,0
disparity-index-by-race--disparity-index--all-stops-acs,Sunrise Beach Police Dept,,1.058,1.679,0.327,0.63,0.472,0.023,2022,0
search--probable-cause--consent,Calverton Park Police Dept,18,2,16,0,0,0,0,2022,0
rates--contraband-hit-rate--citation-rate,Missouri Southern State University,1.37,1.06,2.56,0,0,0,0,2022,0
search--search-duration--0-15-minutes,Callaway County Sheriff's Dept,392,334,53,4,0,0,1,2022,0
rates--rates--citation-rate,City of Oakland Police Dept,68.49,65.04,81.14,75,,100,,2022,0
rates--stop-rate-residents--citation-rate,Missouri Dept of Conservation Protection Branch,20.17,19.05,19.05,50,0,42.86,50,2022,0
rates--totals--arrests,Callaway County Sheriff's Dept,258,210,43,5,0,0,0,2022,0
rates--contraband-hit-rate--arrest-rate,Missouri Southern State University,0,0,0,0,0,0,0,2022,0
search--contraband-found--stolen-property,Callaway County Sheriff's Dept,6,2,3,1,0,0,0,2022,0
disparity-index-by-race--disparity-index--all-stops-dec,Foristell Police Dept,,0.939,7.233,0.902,3.821,0.921,0.159,2022,0
search--contraband-found--other,Callaway County Sheriff's Dept,0,0,0,0,0,0,0,2022,0
rates--population--2021-acs-pop-pct,Callaway County Sheriff's Dept,100,91.56,4.18,1.86,0.63,0.53,3.1,2022,0
stops-resident-stops,Callaway County Sheriff's Dept,1260,1138,100,16,0,0,6,2022,0
rates--population--2020-decennial-pop,Callaway County Sheriff's Dept,34738,30721,1534,627,117,181,1558,2022,0
stops--location-of-stop--interstate-hwy,Callaway County Sheriff's Dept,101,64,26,6,0,3,2,2022,0
disparity-index-by-race--resident-stops-acs--all-stops-dec,Clark Police Dept,,1.088,0,0,,0,0,2022,0
stops--location-of-stop--us-hwy,Callaway County Sheriff's Dept,534,447,69,10,0,2,6,2022,0
stops--stop-outcome--contraband,Callaway County Sheriff's Dept,115,92,21,2,0,0,0,2022,0
disparity-index-by-race--stops--resident-stops,Callaway County Sheriff's Dept,1260,1138,100,16,0,0,6,2022,0
rates--rates--stop-rate,Sunrise Beach Police Dept,158.84,168.1,266.67,52,100,75,3.7,2022,0
search--arrest-charge--other,Callaway County Sheriff's Dept,16,13,3,0,0,0,0,2022,0
stops--stop-outcome--searches,Callaway County Sheriff's Dept,413,348,60,4,0,0,1,2022,0
stops--location-of-stop--city-street,Callaway County Sheriff's Dept,410,347,57,4,0,0,2,2022,0
stops--driver-age--30-39,Callaway County Sheriff's Dept,516,441,62,10,0,1,2,2022,0
search--arrest-charge--traffic-violation,Callaway County Sheriff's Dept,128,101,25,2,0,0,0,2022,0
search--probable-cause--other,Callaway County Sheriff's Dept,8,7,1,0,0,0,0,2022,0
disparity-index-by-race--disparity-index--resident-stops-dec,Foristell Police Dept,,1.025,5.405,0,0,0,0,2022,0
rates--stop-rate-residents--contraband-hit-rate,Missouri Dept of Conservation Protection Branch,37.04,35.43,,33.33,,80,,2022,0
search--contraband-found--drugs-alcohol,Callaway County Sheriff's Dept,110,89,20,1,0,0,0,2022,0
stops--driver-age--18-29,Callaway County Sheriff's Dept,757,620,115,13,1,2,6,2022,0
rates--stop-rate-residents--arrest-rate,Missouri Dept of Conservation Protection Branch,3.9,3.57,9.52,10,0,0,0,2022,0
disparity-index-by-race--population--2020-decennial-pop-pct,Callaway County Sheriff's Dept,100,88.44,4.42,1.8,0.34,0.52,4.49,2022,0
stops--reason-for-stop--license,Callaway County Sheriff's Dept,858,739,99,9,1,1,9,2022,0
stops--location-of-stop--county-road,Callaway County Sheriff's Dept,310,293,11,4,1,0,1,2022,0
stops--location-of-stop--state-hwy,Callaway County Sheriff's Dept,724,632,76,11,0,1,4,2022,0
stops--driver-gender--male,Callaway County Sheriff's Dept,1328,1119,169,23,1,5,11,2022,0
disparity-index-by-race--resident-stops-acs--resident-stops-dec,Merriam Woods Police Dept,,1.131,6.516,0,0,2.172,0.081,2022,0
disparity-index-by-race--population--2021-acs-pop-pct,Callaway County Sheriff's Dept,100,91.56,4.18,1.86,0.63,0.53,3.1,2022,0
search--arrest-charge--resist-arrest,Callaway County Sheriff's Dept,20,17,3,0,0,0,0,2022,0
search--contraband-found--currency,Callaway County Sheriff's Dept,0,0,0,0,0,0,0,2022,0
rates--totals--contraband,Callaway County Sheriff's Dept,115,92,21,2,0,0,0,2022,0
rates--rates--stop-rate-residents,Sunrise Beach Police Dept,3.31,3.68,0,0,0,0,0,2022,0
search--what-searched--driver-property,Callaway County Sheriff's Dept,293,243,46,3,0,0,1,2022,0
search--what-searched--car-property,Callaway County Sheriff's Dept,24,21,3,0,0,0,0,2022,0
rates--rates--search-rate,Sunrise Beach Police Dept,1.39,1.46,0,0,0,0,0,2022,0
disparity-index-by-race--population--2021-acs-pop,Callaway County Sheriff's Dept,36172,33119,1513,674,229,191,1120,2022,0
search--search-duration--31-minutes,Callaway County Sheriff's Dept,0,0,0,0,0,0,0,2022,0
search--arrest-charge--drug-violation,Callaway County Sheriff's Dept,86,68,18,0,0,0,0,2022,0
stops--reason-for-stop--investigative,Callaway County Sheriff's Dept,97,81,12,3,0,1,0,2022,0
search--arrest-charge--drug-violation,Cassville Police Dept,7,6,0,1,0,0,0,2020,0
rates--rates--arrest-rate,Olivette Police Dept,2.11,1.62,2.88,0,0,0,1.33,2020,0
search--arrest-charge--property-offense,Qulin Police Dept,0,0,0,0,0,0,0,2020,0
search--what-searched--driver,Crane Police Dept,55,55,0,0,0,0,0,2020,0
rates--rates--arrest-rate,Adair County Sheriff's Dept,0,0,0,0,,0,,2020,0
stops--driver-age--40-and-over,Savannah Police Dept,174,172,1,0,1,0,0,2020,0
search--contraband-found--drugs-alcohol,Dixon Police Dept,37,36,1,0,0,0,0,2020,0
search--what-searched--driver,Perry Police Dept,1,1,0,0,0,0,0,2020,0
stops--location-of-stop--interstate-hwy,Jasper Police Dept,40,40,0,0,0,0,0,2020,0
stops--location-of-stop--county-road,Troy Police Dept,13,13,0,0,0,0,0,2020,0
search--arrest-charge--dwi-bac,SE MO State University-Dept of Public Safety,0,0,0,0,0,0,0,2020,0
search--probable-cause--inventory,Missouri Dept of Conservation Protection Branch,3,3,0,0,0,0,0,2020,0
stops--stop-outcome--searches,New Haven Police Dept,61,55,4,2,0,0,0,2020,0
stops--driver-gender--male,Byrnes Mill Police Dept,506,430,15,2,0,0,59,2020,0
search--search-duration--0-15-minutes,Bridgeton Police Dept,123,53,67,3,0,0,0,2020,0
search--what-searched--car-property,Boone County Sheriff's Dept,118,69,46,3,0,0,0,2020,0
rates--totals--citations,Herculaneum Police Dept,683,635,41,5,0,1,1,2020,0
stops--reason-for-stop--investigative,Louisiana Police Dept,7,6,0,1,0,0,0,2020,0
search--what-searched--driver-property,Pineville Police Dept,32,28,1,3,0,0,0,2020,0
stops-all-stops,Sullivan Police Dept,606,590,7,6,0,1,2,2020,0
rates--rates--search-rate,Marceline Police Dept,2.46,2.37,9.09,0,,,0,2020,0
stops--driver-age--18-29,Bellefontaine Neighbors Police Dept,425,19,400,0,1,0,5,2020,0
search--arrest-charge--dwi-bac,Seneca Police Dept,33,30,2,1,0,0,0,2020,0
stops--stop-outcome--contraband,Concordia Police Dept,6,6,0,0,0,0,0,2020,0
rates--totals--resident-stops,Bridgeton Police Dept,228,130,78,14,0,1,5,2020,0
stops-all-stops,Arnold Police Dept,4396,4013,318,28,8,29,0,2020,0
rates--population--2019-population,Marshfield Police Dept,5314,4885,79,46,92,9,215,2020,0
disparity-index-by-race--disparity-index--all-stops,Joplin Police Dept,,1.044,2.387,0.573,0.147,0.251,0.02,2020,0
rates--rates--stop-rate-residents,Steelville Police Dept,2.51,2.73,0,0,,0,0,2020,0
stops--driver-age--40-and-over,Liberty Police Dept,822,733,52,10,1,7,19,2020,0
stops--driver-age--18-29,Dade County Sheriff's Dept,106,104,1,1,0,0,0,2020,0
rates--contraband-hit-rate--arrest-rate,Oregon Police Dept,0,0,,,,,,2020,0
search--probable-cause--drug-dog-alert,Henrietta Police Dept,0,0,0,0,0,0,0,2020,0
search--arrest-charge--other,Battlefield Police Dept,1,0,1,0,0,0,0,2020,0
search--arrest-charge--resist-arrest,Oregon Police Dept,0,0,0,0,0,0,0,2020,0
stops--driver-age--40-and-over,St Charles Police Dept,2267,1713,447,21,5,14,67,2020,0
rates--contraband-hit-rate--citation-rate,Braymer Police Dept,13.33,13.33,,,,,,2020,0
stops--stop-outcome--contraband,Pleasant Valley Police Dept,49,35,13,0,0,0,1,2020,0
search--probable-cause--plain-view-contra,Nixa Police Dept,14,14,0,0,0,0,0,2020,0
search--arrest-charge--off-against-person,Farmington Police Dept,1,1,0,0,0,0,0,2020,0
search--search-duration--16-30-minutes,Linn Police Dept,0,0,0,0,0,0,0,2020,0
rates--population--2019-population,Missouri Southern State University,,,,,,,,2020,0
search--contraband-found--stolen-property,Braymer Police Dept,0,0,0,0,0,0,0,2020,0
stops-non-resident-stops,Gower Police Dept,462,421,11,21,0,7,2,2020,0
stops-resident-stops,Arbyrd Police Dept,21,18,0,3,0,0,0,2020,0
search--probable-cause--incident-to-arrest,Ralls County Sheriff's Dept,16,13,3,0,0,0,0,2020,0
search--probable-cause--drug-dog-alert,Oronogo Police Dept,0,0,0,0,0,0,0,2020,0
stops--reason-for-stop--equpiment,Morley Police Dept,8,7,0,1,0,0,0,2020,0
stops--location-of-stop--interstate-hwy,Lexington Police Dept,0,0,0,0,0,0,0,2020,0
search--contraband-found--currency,Buckner Police Dept,0,0,0,0,0,0,0,2020,0
stops--stop-outcome--arrests,Washington Police Dept,92,87,3,2,0,0,0,2020,0
search--probable-cause--plain-view-contra,Thayer Police Dept,2,2,0,0,0,0,0,2020,0
search--what-searched--driver-property,Duenweg Police Dept,13,11,2,0,0,0,0,2020,0
stops--stop-outcome--searches,Moline Acres Police Dept,0,0,0,0,0,0,0,2020,0
search--arrest-charge--dwi-bac,Kingsville Police Dept,0,0,0,0,0,0,0,2020,0
stops--location-of-stop--county-road,Cardwell Police Dept,0,0,0,0,0,0,0,2020,0
stops--stop-outcome--searches,Indian Point Police Dept,12,12,0,0,0,0,0,2020,0
disparity-index-by-race--stops--all-stops,New Madrid County Sheriff's Dept,116,71,39,6,0,0,0,2020,0
stops--reason-for-stop--license,Liberty Police Dept,746,629,77,14,0,1,25,2020,0
search--arrest-charge--traffic-violation,Caruthersville Police Dept,0,0,0,0,0,0,0,2020,0
stops--driver-age--18-29,Hazelwood Police Dept,4965,1193,3607,44,2,22,97,2020,0
search--arrest-charge--resist-arrest,Centralia Police Dept,0,0,0,0,0,0,0,2020,0
rates--rates--search-rate,Warrenton Police Dept,9.46,8.55,18.24,13.51,33.33,,15.38,2020,0
stops--stop-outcome--searches,Texas County Sheriff's Dept,76,76,0,0,0,0,0,2020,0
stops--stop-outcome--no-action,Country Club Village Police Dept,3,3,0,0,0,0,0,2020,0
rates--stop-rate-residents--search-rate,University of Missouri-Columbia Police Dept,9.38,8.44,13.59,18.42,0,2.8,4.08,2020,0
rates--totals--contraband,Independence Police Dept,351,283,52,14,0,1,1,2020,0
search--probable-cause--plain-view-contra,Sugar Creek Police Dept,8,7,1,0,0,0,0,2020,0
search--arrest-charge--off-against-person,Henrietta Police Dept,0,0,0,0,0,0,0,2020,0
rates--totals--all-stops,Brookfield Police Dept,1672,1556,75,30,0,7,4,2020,0
rates--contraband-hit-rate--citation-rate,Bertrand Police Dept,17.92,19.59,15.29,16.67,,0,,2020,0
stops--location-of-stop--other,Stone County Sheriff's Dept,9,8,1,0,0,0,0,2020,0
stops--location-of-stop--us-hwy,St Ann Police Dept,23,8,10,2,1,1,1,2021,0
search--what-searched--driver,Bernie Police Dept,0,0,0,0,0,0,0,2021,0
search--contraband-found--stolen-property,Smithton Police Dept,0,0,0,0,0,0,0,2021,0
search--what-searched--driver,St Ann Police Dept,17,6,11,0,0,0,0,2021,0
search--search-duration--31-minutes,Anderson Police Dept,1,1,0,0,0,0,0,2021,0
search--arrest-charge--other,Pleasant Hope Police Dept,0,0,0,0,0,0,0,2021,0
search--arrest-charge--other,Poplar Bluff Police Dept,25,20,5,0,0,0,0,2021,0
disparity-index-by-race--population--2020-population,Texas County Sheriff's Dept,20806,18709,507,457,205,449,607,2021,0
search--arrest-charge--other,Iberia Police Dept,0,0,0,0,0,0,0,2021,0
stops--location-of-stop--state-hwy,Jackson Police Dept,933,822,71,7,23,5,5,2021,0
search--arrest-charge--off-against-person,Milan Police Dept,0,0,0,0,0,0,0,2021,0
search--what-searched--driver,Osceola Police Dept,0,0,0,0,0,0,0,2021,0
search--contraband-found--stolen-property,Wright County Sheriff's Dept,0,0,0,0,0,0,0,2021,0
stops--stop-outcome--no-action,Pettis County Sheriff's Dept,88,77,4,5,0,2,0,2021,0
disparity-index-by-race--disparity-index--resident-stops,Stoddard County Sheriff's Dept,,1.013,0.986,1.393,,0,0,2021,0
search--contraband-found--other,Iberia Police Dept,0,0,0,0,0,0,0,2021,0
stops--stop-outcome--no-action,Texas County Sheriff's Dept,2,2,0,0,0,0,0,2021,0
search--contraband-found--other,Ellisville Police Dept,0,0,0,0,0,0,0,2021,0
rates--rates--citation-rate,Chaffee Police Dept,38.46,38.78,50,0,,,,2021,0
stops--reason-for-stop--investigative,Center Police Dept,1,0,1,0,0,0,0,2021,0
rates--rates--arrest-rate,New Bloomfield Police Dept,2.44,2.7,0,0,,,0,2021,0
stops--stop-outcome--no-action,Gladstone Dept of Public Safety,159,116,32,7,2,0,2,2021,0
rates--rates--citation-rate,Owensville Police Dept,16.04,16.6,0,,,,,2021,0
search--contraband-found--drugs-alcohol,Neosho Police Dept,31,28,0,1,0,2,0,2021,0
stops--stop-outcome--citation,Memphis Police Dept,4,4,0,0,0,0,0,2021,0
stops--location-of-stop--state-hwy,Wheaton Police Dept,13,11,0,1,0,1,0,2021,0
rates--totals--contraband,Shrewsbury Police Dept,6,4,2,0,0,0,0,2021,0
rates--totals--resident-stops,Mountain Grove Police Dept,380,366,6,3,0,3,2,2021,0
stops-resident-stops,Cardwell Police Dept,21,17,1,3,0,0,0,2021,0
stops--location-of-stop--county-road,St James Police Dept,6,5,1,0,0,0,0,2021,0
stops--reason-for-stop--equpiment,St Joseph Police Dept,2711,2222,325,114,11,29,10,2021,0
search--what-searched--driver,Moberly Police Dept,39,37,1,0,0,0,1,2021,0
disparity-index-by-race--population--2020-population,Cleveland Police Dept,658,625,0,22,3,0,26,2021,0
rates--totals--contraband,Marionville Police Dept,1,1,0,0,0,0,0,2021,0
stops--driver-age--17-and-under,St Joseph Police Dept,354,298,36,14,2,3,1,2021,0
stops--reason-for-stop--investigative,Barry County Sheriff's Dept,14,14,0,0,0,0,0,2021,0
stops--stop-outcome--no-action,Wright County Sheriff's Dept,6,6,0,0,0,0,0,2021,0
stops--stop-outcome--citation,Oran Police Dept,0,0,0,0,0,0,0,2021,0
rates--totals--contraband,Sunrise Beach Police Dept,7,7,0,0,0,0,0,2021,0
stops--stop-outcome--warning,Palmyra Police Dept,1122,1006,76,21,3,7,9,2021,0
stops--stop-outcome--arrests,Odessa Police Dept,440,419,16,5,0,0,0,2021,0
rates--totals--resident-stops,Duenweg Police Dept,28,23,3,2,0,0,0,2021,0
stops--reason-for-stop--moving,Eureka Police Dept,1156,1018,62,4,0,8,64,2021,0
stops--reason-for-stop--moving,Hartville Police Dept,90,90,0,0,0,0,0,2021,0
search--probable-cause--inventory,Reynolds County Sheriff's Dept,0,0,0,0,0,0,0,2021,0
search--contraband-found--currency,Douglas County Sheriff's Dept,0,0,0,0,0,0,0,2021,0
rates--contraband-hit-rate--arrest-rate,Gasconade Police Dept,0,0,,,,,,2021,0
search--search-duration--16-30-minutes,Linn Police Dept,0,0,0,0,0,0,0,2021,0
search--search-duration--31-minutes,Morgan County Sheriff's Dept,0,0,0,0,0,0,0,2021,0
search--arrest-charge--resist-arrest,Reynolds County Sheriff's Dept,0,0,0,0,0,0,0,2021,0
stops--location-of-stop--city-street,Billings Police Dept,13,13,0,0,0,0,0,2021,0
rates--totals--citations,Washington County Sheriff's Dept,75,71,4,0,0,0,0,2021,0
stops--location-of-stop--city-street,Dade County Sheriff's Dept,158,153,0,3,1,0,1,2021,0
search--arrest-charge--drug-violation,Missouri Univ SandT Police Dept,1,1,0,0,0,0,0,2021,0
disparity-index-by-race--stops--resident-stops,Country Club Village Police Dept,46,46,0,0,0,0,0,2021,0
search--what-searched--driver,Shrewsbury Police Dept,1,1,0,0,0,0,0,2021,0
search--probable-cause--incident-to-arrest,Edina Police Dept,0,0,0,0,0,0,0,2021,0
disparity-index-by-race--stops--all-stops,St Ann Police Dept,1661,528,1072,36,7,12,6,2021,0
stops--driver-gender--female,Lawrence County Sheriff's Dept,456,411,8,27,0,7,3,2021,0
stops--location-of-stop--us-hwy,Parkville Police Dept,0,0,0,0,0,0,0,2021,0
stops--stop-outcome--no-action,Grundy County Sheriff's Dept,3,3,0,0,0,0,0,2021,0
search--arrest-charge--drug-violation,Cuba Police Dept,28,17,3,2,2,2,2,2021,0
stops-all-stops,Wentzville Police Dept,8217,6850,1100,107,5,50,105,2021,0
search--probable-cause--consent,Martinsburg Police Dept,0,0,0,0,0,0,0,2021,0
stops--driver-gender--female,Poplar Bluff Police Dept,1101,985,107,5,0,2,2,2021,0
stops--driver-gender--male,Jamestown Police Dept,45,39,2,1,1,2,0,2021,0
disparity-index-by-race--population--2020-population-pct,Carterville Police Dept,100,88.35,1.03,5.73,0.12,1.45,3.92,2021,0
search--arrest-charge--traffic-violation,Qulin Police Dept,0,0,0,0,0,0,0,2021,0
search--probable-cause--other,Riverview Police Dept,1,0,1,0,0,0,0,2021,0
rates--totals--contraband,Manchester Police Dept,158,100,51,2,0,0,5,2021,0
rates--totals--searches,Manchester Police Dept,289,186,91,5,0,2,5,2021,0
stops--driver-age--30-39,Washburn Police Dept,0,0,0,0,0,0,0,2021,0
rates--totals--contraband,Kahoka Police Dept,4,4,0,0,0,0,0,2022,0
rates--totals--all-stops,Jefferson College Police Dept,6,6,0,0,0,0,0,2022,0
rates--population--2020-decennial-pop,Licking Police Dept,2506,1702,684,64,17,2,37,2022,0
disparity-index-by-race--disparity-index--resident-stops-acs,Bourbon-Dept of Public Safety,,1.063,,0.144,0,0.249,0,2022,0
disparity-index-by-race--population--2020-decennial-pop-pct,Chariton County Sheriff's Dept,100,94.17,2.12,0.87,0.26,0.05,2.52,2022,0
stops--stop-outcome--contraband,Fordland Police Dept,0,0,0,0,0,0,0,2022,0
search--probable-cause--other,Pleasant Hill Police Dept,4,4,0,0,0,0,0,2022,0
disparity-index-by-race--disparity-index--all-stops-acs,Cole Camp Police Dept,,0.968,,1.413,5.651,,1.413,2022,0
rates--population--2020-decennial-pop-pct,Washington University Police Dept,,,,,,,,2022,0
stops--stop-outcome--contraband,Kahoka Police Dept,4,4,0,0,0,0,0,2022,0
search--contraband-found--currency,Ellsinore Police Dept,0,0,0,0,0,0,0,2022,0
search--probable-cause--consent,Warrenton Police Dept,88,75,10,2,0,0,1,2022,0
stops--stop-outcome--searches,Marceline Police Dept,1,1,0,0,0,0,0,2022,0
search--contraband-found--other,Macon Police Dept,0,0,0,0,0,0,0,2022,0
search--arrest-charge--other,Mexico Police Dept,5,4,1,0,0,0,0,2022,0
search--what-searched--driver-property,Kennett Police Dept,170,83,54,33,0,0,0,2022,0
search--probable-cause--incident-to-arrest,New Haven Police Dept,3,3,0,0,0,0,0,2022,0
rates--population--2021-acs-pop-pct,Cole Camp Police Dept,100,99.54,0,0.37,0.09,0,0.37,2022,0
stops--driver-age--17-and-under,Pevely Police Dept,33,31,2,0,0,0,0,2022,0
disparity-index-by-race--population--2021-acs-pop,Hazelwood Police Dept,20391,10329,8234,795,0,562,1266,2022,0
disparity-index-by-race--disparity-index--all-stops-acs,Osage Beach Police Dept,,1.021,1.399,0.1,0.057,,0.014,2022,0
stops--location-of-stop--county-road,Van Buren Police Dept,0,0,0,0,0,0,0,2022,0
search--probable-cause--drug-alcohol-odor,Warrenton Police Dept,31,27,4,0,0,0,0,2022,0
rates--totals--arrests,Morgan County Sheriff's Dept,30,30,0,0,0,0,0,2022,0
search--probable-cause--drug-alcohol-odor,Parkville Police Dept,40,25,9,5,0,0,1,2022,0
search--arrest-charge--dwi-bac,Beverly Hills Police Dept,1,0,1,0,0,0,0,2022,0
stops--driver-age--65-and-over,Wood Heights Police Dept,0,0,0,0,0,0,0,2022,0
rates--rates--search-rate,Duenweg Police Dept,5.09,4.86,0,20,,0,0,2022,0
search--search-duration--31-minutes,Odessa Police Dept,46,45,1,0,0,0,0,2022,0
stops--stop-outcome--no-action,Qulin Police Dept,1,1,0,0,0,0,0,2022,0
search--contraband-found--stolen-property,Butterfield Police Dept,0,0,0,0,0,0,0,2022,0
stops--driver-age--65-and-over,Ozark County Sheriff's Dept,89,88,0,0,0,0,1,2022,0
search--arrest-charge--traffic-violation,Howardville Police Dept,0,0,0,0,0,0,0,2022,0
disparity-index-by-race--disparity-index--resident-stops-dec,Putnam County Sheriff's Dept,,1.036,0,0.601,0,,0,2022,0
disparity-index-by-race--stops--resident-stops,Sycamore Hills Police Dept,17,10,7,0,0,0,0,2022,0
stops--location-of-stop--county-road,Steelville Police Dept,1,1,0,0,0,0,0,2022,0
search--arrest-charge--traffic-violation,Lexington Police Dept,12,12,0,0,0,0,0,2022,0
stops--driver-gender--female,Waynesville Police Dept,1485,1151,198,57,2,35,42,2022,0
rates--totals--arrests,Fayette Police Dept,7,4,2,1,0,0,0,2022,0
rates--totals--arrests,Hillsboro Police Dept,36,31,4,0,0,0,1,2022,0
stops--stop-outcome--no-action,Tipton Police Dept,12,11,1,0,0,0,0,2022,0
rates--totals--contraband,Bismarck Police Dept,43,41,2,0,0,0,0,2022,0
search--probable-cause--inventory,Kirksville Police Dept,2,2,0,0,0,0,0,2022,0
rates--rates--stop-rate,Arcadia Police Dept,7.33,7.49,0,,,,0,2022,0
stops--driver-age--30-39,Daviess County Sheriff's Dept,172,144,16,8,1,2,1,2022,0
search--contraband-found--weapon,Missouri Dept Natural Resources-Park Rangers,2,2,0,0,0,0,0,2022,0
stops--location-of-stop--county-road,Salem Police Dept,1,1,0,0,0,0,0,2022,0
search--probable-cause--incident-to-arrest,Anderson Police Dept,51,34,2,7,1,4,3,2022,0
rates--population--2020-decennial-pop-pct,Grain Valley Police Dept,100,85.22,2.7,5.42,0.44,0.89,5.33,2022,0
stops-all-stops,St Louis County Police Dept,39241,24684,12388,231,29,400,1509,2022,0
search--contraband-found--stolen-property,Butler Police Dept,1,1,0,0,0,0,0,2022,0
search--probable-cause--drug-alcohol-odor,St Charles County Police Dept,98,47,47,2,0,0,2,2022,0
rates--rates--stop-rate-residents,Phelps County Sheriff's Dept,5.28,5.47,11.65,1.36,1.73,0.94,1.71,2022,0
search--probable-cause--plain-view-contra,Perry Police Dept,0,0,0,0,0,0,0,2022,0
search--probable-cause--inventory,Kansas City Int'l Airport Police,0,0,0,0,0,0,0,2022,0
rates--population--2020-decennial-pop-pct,Hickory County Sheriff's Dept,100,93.17,0.14,1.26,0.61,0.22,4.61,2022,0
search--probable-cause--plain-view-contra,Summersville Police Dept,0,0,0,0,0,0,0,2022,0
stops--location-of-stop--us-hwy,Fleming Police Dept,0,0,0,0,0,0,0,2022,0
stops--stop-outcome--searches,Audrain County Sheriff's Dept,171,145,22,4,0,0,0,2022,0
rates--rates--stop-rate-residents,Richmond Heights Police Dept,2.73,2.46,5.97,0.71,,2.12,0.76,2022,0
stops--driver-age--65-and-over,Bates County Sheriff's Dept,17,17,0,0,0,0,0,2022,0
rates--population--2021-acs-pop,Barry County Sheriff's Dept,27662,23992,88,2148,337,424,2821,2022,0
disparity-index-by-race--population--2020-decennial-pop,Osage Beach Police Dept,3949,3420,67,246,13,54,149,2022,0
stops--stop-outcome--citation,Neosho Police Dept,1127,947,29,110,5,36,0,2023,0
stops--citation-warning-violation--moving,Ste Genevieve Police Dept,541,496,31,4,4,3,3,2023,0
search--probable-cause--inventory,Pike County Sheriff's Dept,6,4,2,0,,0,0,2023,0
stops--officer-assignment--dedicated-traffic,Jefferson County Sheriff's Dept,10192,9756,324,2,11,42,57,2023,0
stops--location-of-stop--interstate-hwy,Lincoln County Sheriff's Dept,63,51,8,3,0,0,1,2023,0
rates--rates--search-rate,Richmond Police Dept,11.27,10.84,15.46,10,25,12.5,15.38,2023,0
search--probable-cause--reas-susp-weapon,St Charles County Sheriff's Dept,1,1,0,0,,0,0,2023,0
stops--stop-outcome--contraband,Carl Junction Police Dept,24,23,1,0,0,0,0,2023,0
stops--location-of-stop--state-hwy,Laurie Police Dept,455,444,3,5,2,1,0,2023,0
stops--reason-for-stop--other,Wood Heights Police Dept,0,0,0,0,0,0,0,2023,0
rates--contraband-hit-rate--citation-rate,Nixa Schools Police Dept,0,0,,,,,,2023,0
stops--driver-age--17-and-under,Pierce City Police Dept,12,11,1,0,0,0,0,2023,0
stops--location-of-stop--us-hwy,Sullivan County Sheriff's Dept,0,0,0,0,0,0,0,2023,0
stops--arrest-violation--property,Richland Police Dept,0,0,0,0,0,0,0,2023,0
rates--rates--search-rate,Winona Police Dept,4.17,4.17,,,,,,2023,0
rates--totals--searches,Butler County Sheriff's Dept,37,29,7,1,0,0,0,2023,0
rates--rates--arrest-rate,Harrisonville Police Dept,9.77,9.65,15.79,6.45,,0,0,2023,0
stops-non-resident-stops,Lone Jack Police Dept,1678,1432,216,8,1,14,7,2023,0
stops-non-resident-stops,Bernie Police Dept,441,367,60,9,0,1,4,2023,0
stops--reason-for-stop--other,Jonesburg Police Dept,0,0,0,0,0,0,0,2023,0
stops--reason-for-stop--other,Versailles Police Dept,0,0,0,0,0,0,0,2023,0
stops-all-stops,St Robert Police Dept,2084,1453,444,109,2,22,54,2023,0
rates--totals--contraband,Missouri State Highway Patrol,2252,1789,335,105,6,17,0,2023,0
stops--arrest-violation--dwi-bac,Osage County Sheriff's Dept,4,4,0,0,0,0,0,2023,0
stops--officer-assignment--general-parol,O'Fallon Police Dept,16543,12644,3295,321,13,124,146,2023,0
stops--reason-for-stop--moving,Pierce City Police Dept,105,91,3,10,0,1,0,2023,0
stops--officer-assignment--dedicated-traffic,Carroll County Sheriff's Dept,0,0,0,0,,,0,2023,0
stops--stop-outcome--contraband,Battlefield Police Dept,3,3,0,0,0,0,0,2023,0
stops--officer-assignment--general-parol,Archie Police Dept,234,182,14,13,6,7,12,2023,0
stops--citation-warning-violation--moving,Metropolitan Community College Police Dept,1,1,0,0,0,0,0,2023,0
stops--driver-gender--female,Platte City Police Dept,291,229,38,16,0,3,5,2023,0
stops--arrest-violation--off-against-person,Goodman Police Dept,0,0,0,0,0,0,0,2023,0
search--contraband-found--other,Benton Police Dept,0,0,0,0,0,0,0,2023,0
search--what-searched--driver-property,Vinita Park Police Dept,28,3,24,0,0,0,1,2023,0
stops--driver-age--30-39,Salisbury Police Dept,16,14,0,1,0,1,0,2023,0
search--probable-cause--other,Velda City Police Dept,10,0,10,0,0,0,0,2023,0
rates--population--2020-decennial-pop,Senath Police Dept,1202,821,29,322,5,0,25,2023,0
stops--reason-for-stop--officer-initiative,Franklin County Sheriff's Dept,66,62,2,1,0,1,0,2023,0
rates--totals--citations,Cole County Sheriff's Dept,542,420,95,18,0,5,4,2023,0
stops--stop-outcome--searches,Dent County Sheriff's Dept,40,40,0,0,0,0,0,2023,0
stops--stop-outcome--no-action,Doolittle Police Dept,10,10,0,0,0,0,0,2023,0
search--probable-cause--consent,Liberal Police Dept,0,0,0,0,0,0,0,2023,0
stops--reason-for-stop--called-for-service,Ripley County Sheriff's Dept,2,2,0,0,0,0,0,2023,0
search--probable-cause--inventory,Buchanan County Sheriff's Dept,2,2,0,0,0,0,0,2023,0
stops--stop-outcome--contraband,Lincoln Police Dept,5,5,0,0,0,0,0,2023,0
rates--totals--all-stops,Lee's Summit Police Dept,24780,18030,5358,285,24,260,823,2023,0
search--probable-cause--drug-alcohol-odor,Iberia Police Dept,1,1,0,0,0,0,0,2023,0
stops--driver-gender--female,Steelville Police Dept,206,202,1,2,0,0,1,2023,0
search--search-duration--0-15-minutes,Kimberling City Police Dept,92,76,4,12,0,0,0,2023,0
stops--reason-for-stop--moving,Howardville Police Dept,60,44,15,1,0,0,0,2023,0
search--contraband-found--other,Union Police Dept,0,0,0,0,0,0,0,2023,0
stops-resident-stops,Missouri Dept of Conservation Protection Branch,336,327,3,2,0,4,0,2023,0
search--contraband-found--other,Clayton Police Dept,1,0,0,0,0,0,1,2023,0
rates--population--2020-decennial-pop-pct,Kansas City Police Dept,100,56.64,24.53,10.35,0.39,3.17,4.92,2023,0
rates--contraband-hit-rate--citation-rate,Howardville Police Dept,90.63,89.36,93.75,100,,,,2023,0
stops--arrest-violation--property,Bates City Police Dept,0,0,0,0,0,0,0,2023,0
search--probable-cause--inventory,Polk County Sheriff's Dept,6,5,0,1,0,0,0,2023,0
stops--location-of-stop--county-road,Pettis County Sheriff's Dept,121,108,5,8,0,0,0,2023,0
search--search-duration--16-30-minutes,Monroe City Police Dept,22,13,2,2,1,1,3,2023,0
rates--rates--arrest-rate,Kennett Police Dept,7.7,7.02,8.76,10.86,0,0,,2023,0
rates--totals--contraband,Shelbina Police Dept,3,3,0,0,0,0,0,2023,0
stops--citation-warning-violation--moving,Carrollton Police Dept,229,216,7,3,0,3,0,2023,0
search--contraband-found--drugs,Pilot Knob Police Dept,1,1,0,0,0,0,0,2023,0
stops--location-of-stop--county-road,Morgan County Sheriff's Dept,52,50,2,0,0,0,0,2023,0
stops--stop-outcome--searches,Mansfield Police Dept,75,74,1,0,0,0,0,2023,0
stops--reason-for-stop--other,Linn Creek Police Dept,0,0,0,0,0,0,0,2023,0
stops--driver-age--40-64,Nixa Police Dept,4251,4100,73,4,6,17,51,2023,0
stops--stop-outcome--citation,Hannibal Police Dept,2630,2130,411,58,1,9,21,2023,0
stops--citation-warning-violation--moving,Monroe County Sheriff's Dept,333,280,33,12,1,1,6,2023,0
search--probable-cause--inventory,City of Bellerive Acres,0,0,0,0,0,0,0,2023,0
stops--reason-for-stop--license,High Hill Police Dept,2,2,0,0,0,0,0,2023,0
stops--arrest-violation--off-against-person,Normandy Police Dept,0,0,0,0,0,0,0,2023,0
search--search-duration--16-30-minutes,St Peters Police Dept,58,46,9,3,0,0,0,2023,0
stops-resident-stops,NW MO State University Police Dept,16,14,1,1,0,0,0,2023,0
rates--totals--resident-stops,Lee's Summit Police Dept,11617,8865,2192,115,14,143,288,2023,0
search--what-searched--car-property,Linn Creek Police Dept,3,3,0,0,0,0,0,2023,0
stops--arrest-violation--off-against-person,Phelps County Sheriff's Dept,1,1,0,0,0,0,0,2023,0
stops--arrest-violation--other,NW MO State University Police Dept,0,0,0,0,0,0,0,2023,0
stops--location-of-stop--other,Sullivan Police Dept,41,38,2,1,0,0,0,2023,0
stops--reason-for-stop--det-crime-bulletin,Monroe County Sheriff's Dept,0,0,0,0,0,0,0,2023,0
stops--reason-for-stop--officer-initiative,Mansfield Police Dept,2,2,0,0,0,0,0,2023,0
search--contraband-found--weapon,St Louis County Park Rangers,0,0,0,0,0,0,0,2023,0
stops--officer-assignment--dedicated-traffic,Missouri Western State University Police Dept,1,1,0,0,0,0,0,2023,0
search--contraband-found--alcohol,Liberal Police Dept,0,0,0,0,0,0,0,2023,0
stops--location-of-stop--interstate-hwy,Eureka Police Dept,566,474,50,5,0,3,34,2023,0
search--probable-cause--reas-susp-weapon,Texas County Sheriff's Dept,1,1,0,0,0,0,0,2023,0
rates--rates--arrest-rate,Cassville Police Dept,2.05,1.71,0,6.82,0,0,0,2023,0
stops--location-of-stop--city-street,Hornersville Police Dept,23,21,0,2,0,0,0,2023,0
stops--stop-outcome--arrests,Mexico Police Dept,41,30,9,1,0,0,1,2023,0
stops--arrest-violation--other,Laurie Police Dept,0,0,0,0,0,0,0,2023,0
stops--stop-outcome--arrests,Gasconade County Sheriff's Dept,35,32,3,0,0,0,0,2023,0
search--probable-cause--incident-to-arrest,City of California Police Dept,5,4,0,1,0,0,0,2023,0
stops--citation-warning-violation--license-registration,St Joseph Police Dept,5832,4675,747,340,8,27,35,2023,0
rates--rates--citation-rate,Cassville Police Dept,27.69,28.52,0,27.27,0,0,0,2023,0
search--contraband-found--currency,Senath Police Dept,0,0,0,0,0,0,0,2023,0
stops--stop-outcome--arrests,Canton Police Dept,8,5,2,1,0,0,0,2023,0
rates--totals--citations,Marion County Sheriff's Dept,141,119,16,4,0,1,1,2023,0
search--contraband-found--currency,St Charles Police Dept,0,0,0,0,0,0,0,2023,0
search--probable-cause--consent,Festus Police Dept,18,18,0,0,0,0,0,2023,0
search--search-duration--0-15-minutes,Rockaway Beach Police Dept,12,12,0,0,0,0,0,2023,0
stops--officer-assignment--special-assignment,Hayti Police Dept,2,0,2,0,0,0,0,2023,0
rates--totals--citations,Steelville Police Dept,105,98,2,5,0,0,0,2023,0
stops--reason-for-stop--investigative,Poplar Bluff Police Dept,103,78,25,0,0,0,0,2023,0
stops--stop-outcome--warning,Napoleon Police Dept,41,35,3,3,0,0,0,2023,0
rates--rates--stop-rate,Northwoods Police Dept,18.5,7.97,19.48,,,,3.57,2023,0
stops-resident-stops,Iberia Police Dept,192,168,22,1,0,1,0,2023,0
stops--reason-for-stop--called-for-service,Pilot Knob Police Dept,0,0,0,0,0,0,0,2023,0
stops--citation-warning-violation--moving,Higginsville Police Dept,558,461,72,20,1,2,2,2023,0
rates--rates--contraband-hit-rate,Licking Police Dept,27.5,28.21,,0,,,,2023,0
search--contraband-found--drugs,Pulaski County Sheriff's Dept,0,0,0,0,0,0,0,2023,0
stops--driver-age--18-29,Cape Girardeau Co Sheriff's Dept,1218,947,228,24,1,2,16,2023,0
stops--arrest-violation--resist-arrest,Newburg Police Dept,0,0,0,0,0,0,0,2023,0
rates--rates--stop-rate-residents,Wheaton Police Dept,4.75,5.16,,,0,,0,2023,0
stops--arrest-violation--traffic,Daviess County Sheriff's Dept,0,0,0,0,0,0,0,2023,0
search--probable-cause--drug-alcohol-odor,Andrew County Sheriff's Dept,13,13,0,0,0,0,0,2023,0
stops--driver-age--18-29,Winfield Police Dept,260,232,16,4,0,1,7,2023,0
search--search-duration--31-minutes,Cleveland Police Dept,0,0,0,0,0,0,0,2023,0
stops--arrest-violation--drug-violation,Ashland Police Dept,3,3,0,0,0,0,0,2023,0
stops--reason-for-stop--officer-initiative,St Clair Police Dept,39,37,0,2,0,0,0,2023,0
search--probable-cause--plain-view-contra,Pilot Knob Police Dept,0,0,0,0,0,0,0,2023,0
search--probable-cause--other,Warsaw Police Dept,0,0,0,0,0,0,0,2023,0
stops--arrest-violation--other,Greenfield Police Dept,0,0,0,0,0,0,0,2023,0
stops--citation-warning-violation--moving,Shannon County Sheriff's Dept,4,4,0,0,0,0,0,2023,0
stops--arrest-violation--off-against-person,Hillsboro Police Dept,0,0,0,0,0,0,0,2023,0
stops--reason-for-stop--investigative,Reeds Spring Police Dept,14,13,1,0,0,0,0,2023,0
rates--rates--stop-rate,Monett Police Dept,36.1,39.98,206.9,26.17,1.28,32.47,0.31,2023,0
stops--reason-for-stop--officer-initiative,Butterfield Police Dept,0,0,0,0,0,0,0,2023,0
stops-resident-stops,Linn Police Dept,13,13,0,0,0,0,0,2023,0
search--probable-cause--drug-alcohol-odor,Ava Police Dept,6,6,0,0,0,0,0,2023,0
search--probable-cause--drug-dog-alert,Monett Police Dept,0,0,0,0,0,0,0,2023,0
stops--reason-for-stop--equpiment,Seymour Police Dept,402,378,17,6,1,0,0,2024,0
rates--totals--resident-stops,Lee's Summit Police Dept,11484,8645,2288,155,14,136,246,2024,0
stops--reason-for-stop--license,Granby Police Dept,30,28,0,1,0,1,0,2024,0
rates--rates--arrest-rate,Thayer Police Dept,7.06,7.55,0,0,,,0,2024,0
search--probable-cause--consent,Glendale Police Dept,0,0,0,0,0,0,0,2024,0
stops-non-resident-stops,High Hill Police Dept,29,26,2,1,0,0,0,2024,0
stops--location-of-stop--other,University of Missouri-Columbia Police Dept,208,153,35,8,1,4,7,2024,0
stops--reason-for-stop--equpiment,Ash Grove Police Dept,138,133,0,4,0,1,0,2024,0
stops--reason-for-stop--other,Duquesne Police Dept,0,0,0,0,0,0,0,2024,0
rates--population--2020-decennial-pop-pct,Union Police Dept,100,90.44,1.4,2.27,0.42,0.62,4.85,2024,0
rates--totals--resident-stops,Howard County Sheriff's Dept,151,134,15,2,0,0,0,2024,0
stops--citation-warning-violation--moving,University of Missouri-Columbia Police Dept,2894,1995,512,77,29,120,161,2024,0
search--what-searched--driver,Fordland Police Dept,0,0,0,0,0,0,0,2024,0
search--probable-cause--drug-dog-alert,Ashland Police Dept,1,1,0,0,0,0,0,2024,0
rates--totals--contraband,Morgan County Sheriff's Dept,25,25,0,0,0,0,0,2024,0
stops-all-stops,Diamond Police Dept,1419,1235,41,110,4,20,9,2024,0
rates--population--2020-decennial-pop,Lake Lotawana Police Dept,1873,1725,20,30,3,13,82,2024,0
stops-all-stops,Ironton Police Dept,149,140,3,3,1,1,1,2024,0
search--probable-cause--incident-to-arrest,Cameron Police Dept,52,43,7,1,0,1,0,2024,0
search--what-searched--driver-property,Monroe City Police Dept,27,20,6,1,0,0,0,2024,0
stops--reason-for-stop--called-for-service,Hollister Police Dept,11,10,0,1,0,0,0,2024,0
stops--stop-outcome--citation,Granby Police Dept,51,47,0,4,0,0,0,2024,0
search--search-duration--31-minutes,Shelby County Sheriff's Dept,0,0,0,0,0,0,0,2024,0
rates--population--2023-acs-pop-pct,Easton Police Dept,100,97.1,0,1.24,1.66,0,0,2024,0
stops--arrest-violation--property,Creve Coeur Police Dept,1,0,1,0,0,0,0,2024,0
search--search-duration--31-minutes,Fulton Police Dept,3,2,1,0,0,0,0,2024,0
stops--stop-outcome--warning,Festus Police Dept,1844,1697,108,22,2,7,8,2024,0
stops--location-of-stop--other,Country Club Hills Police Dept,0,0,0,0,0,0,0,2024,0
rates--rates--arrest-rate,Senath Police Dept,14.67,17.86,,5.26,,,,2024,0
stops-resident-stops,Washington County Sheriff's Dept,301,299,1,1,0,0,0,2024,0
rates--totals--resident-stops,Fulton Police Dept,1353,1048,279,11,1,4,10,2024,0
stops--stop-outcome--citation,Garden City Police Dept,70,66,2,1,0,0,1,2024,0
rates--rates--arrest-rate,Chillicothe Police Dept,7.37,7.28,6.12,18.75,0,0,50,2024,0
search--probable-cause--inventory,Jackson Police Dept,17,16,1,0,0,0,0,2024,0
rates--totals--citations,Wellsville Police Dept,232,224,6,1,0,1,0,2024,0
stops--reason-for-stop--called-for-service,Crestwood Police Dept,12,8,3,0,0,0,1,2024,0
search--probable-cause--consent,St Clair Police Dept,15,15,0,0,0,0,0,2024,0
search--probable-cause--other,Knob Noster Police Dept,0,0,0,0,0,0,0,2024,0
stops--arrest-violation--property,Texas County Sheriff's Dept,0,0,0,0,0,0,0,2024,0
stops--arrest-violation--other,Johnson County Sheriff's Dept,12,11,1,0,0,0,0,2024,0
stops--arrest-violation--drug-violation,Kennett Police Dept,42,8,32,2,0,0,0,2024,0
rates--totals--arrests,Eldon Police Dept,10,9,1,0,0,0,0,2024,0
stops--arrest-violation--off-against-person,Holts Summit Police Dept,0,0,0,0,0,0,0,2024,0
stops-non-resident-stops,Mansfield Police Dept,944,916,21,5,0,2,0,2024,0
rates--totals--citations,Bolivar Police Dept,477,433,21,20,1,2,0,2024,0
stops--driver-age--30-39,Lake Ozark Police Dept,320,273,17,19,2,2,7,2024,0
rates--population--2023-acs-pop-pct,Sullivan Police Dept,100,87.41,1.35,1.69,0.42,0,10.31,2024,0
search--probable-cause--consent,Oak Grove Police Dept,2,2,0,0,0,0,0,2024,0
stops--officer-assignment--dedicated-traffic,Joplin Police Dept,2143,1877,156,76,9,9,16,2024,0
stops--reason-for-stop--moving,University of Missouri-Kansas City Police Dept,361,238,75,17,2,20,9,2024,0
stops--driver-age--30-39,Noel Police Dept,69,54,3,5,1,5,1,2024,0
rates--rates--stop-rate,Wentzville Police Dept,19.78,17.65,53.13,17.79,25,2.84,13.93,2024,0
stops--reason-for-stop--det-crime-bulletin,Bridgeton Police Dept,30,8,18,1,0,1,2,2024,0
stops--arrest-violation--off-against-person,Washburn Police Dept,0,0,0,0,0,0,0,2024,0
stops--location-of-stop--interstate-hwy,Easton Police Dept,0,0,0,0,0,0,0,2024,0
stops--arrest-violation--outstanding-warrent,Bernie Police Dept,3,3,0,0,0,0,0,2024,0
search--contraband-found--drugs,Normandy Police Dept,2,1,1,0,0,0,0,2024,0
search--contraband-found--drugs,University of Missouri-St Louis Police Dept,0,0,0,0,0,0,0,2024,0
stops--arrest-violation--off-against-person,Mansfield Police Dept,0,0,0,0,0,0,0,2024,0
stops--driver-gender--female,Greenwood Police Dept,705,477,79,7,0,2,140,2024,0
search--contraband-found--currency,Rosebud Police Dept,0,0,0,0,0,0,0,2024,0
stops--arrest-violation--other,Garden City Police Dept,1,0,1,0,0,0,0,2024,0
search--search-duration--0-15-minutes,Marionville Police Dept,10,9,0,1,0,0,0,2024,0
stops--arrest-violation--drug-violation,Fordland Police Dept,0,0,0,0,0,0,0,2024,0
stops--officer-assignment--special-assignment,Platte Woods Police Dept,0,0,0,0,0,0,0,2024,0
stops--arrest-violation--property,Lakeshire Police Dept,0,0,0,0,0,0,0,2024,0
stops--driver-gender--female,Orrick Police Dept,8,8,0,0,0,0,0,2024,0
stops--location-of-stop--other,Kahoka Police Dept,5,5,0,0,0,0,0,2024,0
rates--rates--contraband-hit-rate,Ashland Police Dept,10.77,10.77,,,,,,2024,0
stops--arrest-violation--drug-violation,Seymour Police Dept,3,3,0,0,0,0,0,2024,0
stops--location-of-stop--other,Perryville Police Dept,25,22,2,1,0,0,0,2024,0
stops--arrest-violation--off-against-person,Boone County Sheriff's Dept,9,3,6,0,0,0,0,2024,0
stops--reason-for-stop--other,Clinton Police Dept,0,0,0,0,0,0,0,2024,0
stops--driver-age--30-39,Lewis County Sheriff's Dept,75,70,3,1,0,0,1,2024,0
stops--driver-age--65-and-over,Jefferson City Police Dept,756,640,96,8,0,7,5,2024,0
search--probable-cause--drug-alcohol-odor,Pacific Police Dept,5,5,0,0,0,0,0,2024,0
search--search-duration--16-30-minutes,Holts Summit Police Dept,9,4,2,3,0,0,0,2024,0
stops--driver-age--30-39,New Florence Police Dept,101,66,15,7,4,4,5,2024,0
search--probable-cause--other,Morrisville Police Dept,0,0,0,0,0,0,0,2024,0
stops--arrest-violation--off-against-person,Maryland Heights Police Dept,13,2,11,0,0,0,0,2024,0
search--contraband-found--other,Ashland Police Dept,3,3,0,0,0,0,0,2024,0
rates--rates--search-rate,St James Police Dept,9.08,8.84,10.64,18.37,,0,0,2024,0
search--probable-cause--drug-dog-alert,Bloomfield Police Dept,0,0,0,0,0,0,0,2024,0
stops--driver-gender--male,Park Hills Police Dept,999,950,35,12,0,0,2,2024,0
stops--reason-for-stop--officer-initiative,Vienna Police Dept,4,4,0,0,0,0,0,2024,0
stops--stop-outcome--warning,Atchison County Sheriff's Dept,21,18,2,1,0,0,0,2024,0
rates--population--2020-decennial-pop-pct,Pacific Police Dept,100,79.88,11.95,2.33,0.32,0.85,4.69,2024,0
rates--rates--arrest-rate,Exeter Police Dept,5.32,5.88,0,0,,0,,2024,0
rates--rates--search-rate,Rolla Police Dept,5.97,5.99,6.19,13.33,,0,2.27,2024,0
stops--location-of-stop--county-road,Sullivan Police Dept,3,2,1,0,0,0,0,2024,0
search--probable-cause--other,Cedar County Sheriff's Dept,2,2,0,0,0,0,0,2024,0
rates--population--2020-decennial-pop-pct,Buffalo Police Dept,100,90.56,0.16,2.4,1.14,0.35,5.39,2024,0
stops--driver-age--40-64,Howell County Sheriff's Dept,580,557,14,7,0,0,2,2024,0
search--what-searched--car-property,Kahoka Police Dept,4,4,0,0,0,0,0,2024,0
stops--stop-outcome--contraband,Blue Springs Police Dept,40,32,8,0,0,0,0,2024,0
search--what-searched--driver,Perry County Sheriff's Dept,27,10,10,7,0,0,0,2024,0
stops-resident-stops,Atchison County Sheriff's Dept,11,11,0,0,0,0,0,2024,0
stops--location-of-stop--interstate-hwy,Canadian Pacific Kansas City Ltd Police Dept,1,1,0,0,0,0,0,2024,0
stops--location-of-stop--us-hwy,Crane Police Dept,0,0,0,0,0,0,0,2024,0
search--contraband-found--stolen-property,Livingston County Sheriff's Dept,0,0,0,0,0,0,0,2024,0
stops--driver-age--18-29,Hawk Point Police Dept,46,43,1,1,0,0,1,2024,0
search--probable-cause--plain-view-contra,Grundy County Sheriff's Dept,0,0,0,0,0,0,0,2024,0
stops--citation-warning-violation--moving,Milan Police Dept,200,139,10,46,5,0,0,2024,0
rates--totals--citations,Festus Police Dept,1414,1325,67,11,0,5,6,2024,0
stops--driver-age--18-29,Alma Police Dept,1,1,0,0,0,0,0,2024,0
rates--totals--resident-stops,Warren County Sheriff's Dept,1319,1206,70,34,3,0,6,2024,0
stops--stop-outcome--no-action,Smithville Police Dept,72,61,10,0,0,0,1,2024,0
stops--driver-age--18-29,St Charles Community College Police Dept,1,0,1,0,0,0,0,2024,0
search--probable-cause--consent,Knox County Sheriff's Dept,4,4,0,0,0,0,0,2024,0
stops--driver-gender--female,Christian County Sheriff's Dept,2436,2327,62,19,3,11,14,2024,0
search--contraband-found--alcohol,Brookfield Police Dept,1,1,0,0,0,0,0,2024,0
search--contraband-found--alcohol,Martinsburg Police Dept,0,0,0,0,0,0,0,2024,0
stops-all-stops,Miller County Sheriff's Dept,1638,1497,79,34,2,4,22,2024,0
stops--reason-for-stop--license,Schuyler County Sheriff's Dept,41,39,1,1,0,0,0,2024,0
stops--officer-assignment--special-assignment,Bethany Police Dept,0,0,0,0,0,0,0,2024,0
rates--totals--searches,Blue Springs Police Dept,201,138,57,2,0,4,0,2024,0
stops--reason-for-stop--det-crime-bulletin,Louisiana Police Dept,2,1,1,0,0,0,0,2024,0
search--search-duration--31-minutes,Berkeley Police Dept,1,0,1,0,0,0,0,2024,0
search--search-duration--0-15-minutes,Blue Springs Police Dept,179,122,51,2,0,4,0,2024,0
stops--officer-assignment--dedicated-traffic,Gerald Police Dept,51,51,0,0,0,0,0,2024,0
stops--stop-outcome--contraband,Tipton Police Dept,8,8,0,0,0,0,0,2024,0
rates--totals--arrests,Stoddard County Sheriff's Dept,61,56,5,0,0,0,0,2024,0
rates--rates--contraband-hit-rate,Parkville Police Dept,14.52,22.73,14.81,0,,,,2024,0
stops--driver-age--30-39,Doolittle Police Dept,118,97,9,6,1,1,4,2024,0
search--probable-cause--inventory,Bismarck Police Dept,0,0,0,0,0,0,0,2024,0
stops--reason-for-stop--license,Clay County Sheriff's Dept,5514,3913,1128,347,9,41,76,2024,0
rates--totals--contraband,Howard County Sheriff's Dept,9,5,4,0,0,0,0,2024,0
stops--stop-outcome--contraband,Chillicothe Police Dept,66,61,3,1,0,0,1,2024,0
stops--driver-age--30-39,Benton Police Dept,17,14,2,1,0,0,0,2024,0
stops--arrest-violation--dwi-bac,St Louis County Police Dept,431,273,145,8,1,3,1,2024,0
